model_id,rank,mse,mae,pearsonr,r2
ridge,1,0.400167477825,0.491623961193,0.889839403979,0.791596240765
persistence,2,0.453430674093,0.527753859726,0.883110009389,0.76385722911
gbm,3,0.487715925363,0.543412061194,0.865786528198,0.746001766967
transformer,4,0.616897149298,0.621403143155,0.826538901871,0.67872530353
model,5,0.956837794261,0.781133523775,0.756067058238,0.501687157621
tcn,6,1.00218884779,0.76428077666,0.754491121906,0.478068721431
mlp,7,1.47584746633,0.933128017516,0.585243398257,0.231391412136
