{
  "autocorrelation_summary": {
    "autocorrelation_warning": "Low short-horizon EEG MSE can be explained by temporal autocorrelation, overlapping windows, normalization scale, or synthetic fixture cleanliness.",
    "delta_prediction_best_mse": 0.4755151082684584,
    "delta_prediction_delta_vs_short": 6.046928057890089e-06,
    "long_horizon_best_mse": 2.0090899201805623,
    "long_horizon_delta_vs_short": 1.5335808588401618,
    "non_overlap_best_mse": 0.4884213847232532,
    "non_overlap_delta_vs_short": 0.012912323382852697,
    "persistence_or_ridge_dominates": true,
    "short_horizon_best_mse": 0.4755090613404005,
    "shuffled_control_degrades": true,
    "shuffled_target_best_mse": 2.2021805365104257,
    "shuffled_target_close_to_real_baselines": false,
    "shuffled_target_control_mse": 2.2021805365104257,
    "tiny_ssm_mse": 0.8399924812887744,
    "verdict": "treat_v1_as_baseline_infrastructure_until_harder_controls_are_beaten"
  },
  "benchmark_status": "synthetic_fixture_not_public_benchmark",
  "best_baseline": "linear_ridge",
  "dataset": "synthetic_eeg_v1",
  "example_index": 0,
  "example_mse": {
    "autoregressive_ridge": 1.0260467036361636,
    "linear_ridge": 0.431158276102756,
    "persistence": 0.41404632845387795,
    "tiny_ssm": 0.8803292590011219
  },
  "forecast_horizon": 1,
  "metrics_by_model": {
    "autoregressive_ridge": {
      "mae": 0.7631424160710681,
      "mse": 1.051538106475556,
      "pearsonr": 0.7240830653787679,
      "r2": 0.5237974957988464
    },
    "linear_ridge": {
      "mae": 0.5137959718082256,
      "mse": 0.4755090613404005,
      "pearsonr": 0.8859879595180644,
      "r2": 0.784659629179209
    },
    "persistence": {
      "mae": 0.539455139205605,
      "mse": 0.5163109817028686,
      "pearsonr": 0.8836968817746149,
      "r2": 0.7661819567742147
    },
    "tiny_ssm": {
      "mae": 0.7022508060833843,
      "mse": 0.8399924812887744,
      "pearsonr": 0.788796197153394,
      "r2": 0.6195986425631703
    }
  },
  "n_test_windows": 256,
  "n_train_windows": 1024,
  "ridge_feature_shape": [
    1024,
    48
  ],
  "ridge_target_shape": [
    1024,
    48
  ],
  "same_record_overlap_corr": 0.9999999999999998,
  "sampling_rate_hz": 128.0,
  "seed": 0,
  "source": "synthetic_fixture",
  "window_length": 8
}
