world,method,rfs_bits,rfs_ci_low,rfs_ci_high,nll
known_signal,logistic,0.23529797729768617,0.19996474663235583,0.27794944569461827,0.35741909268661937
known_signal,gbm,0.24588293719601628,0.2015602056486453,0.2884118150840199,0.35008215757675176
known_signal,shuffle_control,-0.11645869009564111,-0.14682239905716923,-0.08314978647191816,0.6012382349334666
known_signal,time_shift_control,-0.06643407071590107,-0.08424611244098175,-0.049123559677154816,0.5665638110518154
synthetic_null,logistic,-0.0005722123687217686,-0.0024057344947470524,0.0013824942781989048,0.3911276927366701
synthetic_null,gbm,-0.04546244586321391,-0.05728115763820028,-0.033478057145331676,0.42224323151805493
synthetic_null,shuffle_control,-0.031867661993242286,-0.04181289678712842,-0.02199330717814421,0.4128200454082623
synthetic_null,time_shift_control,-0.01642160811332411,-0.025293595432673472,-0.0068895142723590045,0.40211365671062
