world,pic_bits,pic_ci_low,pic_ci_high,rfs_bits
independent_predictable,-0.029815090407476146,-0.04565443506832808,-0.012349297899511653,0.0011635597887219315
integrated_predictive,1.7801343532664577,1.6024853820068232,1.9450338307560808,0.04360140889599916
nuisance_only,-0.022510747466689067,-0.03326987980691516,-0.012670183701587345,-0.0011810429177652674
white_noise,-0.011366051252896072,-0.0271279441480891,0.004227259560453567,-0.0019569802261838955
