{
  "gate_passed": true,
  "known_signal": {
    "alarm_time_nll": 0.7463064321861231,
    "baseline_nll": 0.5402940475550242,
    "event_patients": 12,
    "gated_baseline_name": "logistic_nuisance",
    "gated_baseline_nll": 0.5402940475550242,
    "gbm_full": {
      "nll": 0.3973304656892585,
      "rfs_bits": 0.2062528505854635,
      "rfs_ci_high": 0.24089870181444703,
      "rfs_ci_low": 0.17817647488509983
    },
    "logistic_full": {
      "nll": 0.38809461571924514,
      "rfs_bits": 0.21957736553559626,
      "rfs_ci_high": 0.24306992323655088,
      "rfs_ci_low": 0.1981557766198469
    },
    "moving_average_nll": 0.7306540105778946,
    "n": 1440,
    "nuisance_probes": {
      "patient": {
        "accuracy": 0.11666666666666667,
        "chance": 0.08333333333333333
      },
      "session": {
        "accuracy": 0.5333333333333333,
        "chance": 0.5
      },
      "site": {
        "accuracy": 0.5375,
        "chance": 0.5
      },
      "time_bucket": {
        "accuracy": 0.33958333333333335,
        "chance": 0.25
      }
    },
    "positive_events": 391,
    "random_warning_nll": 0.584772488290884,
    "shuffled_target_control": {
      "nll": 0.572286752313712,
      "rfs_bits": -0.046155716499983575,
      "rfs_ci_high": -0.03330292585143602,
      "rfs_ci_low": -0.058932087061217
    },
    "survival_label_shape": [
      1440,
      3
    ],
    "time_shift_control": {
      "nll": 0.5324844203342246,
      "rfs_bits": 0.01126691046263902,
      "rfs_ci_high": 0.014285950890734677,
      "rfs_ci_low": 0.007140040078869111
    }
  },
  "milestone": "M1",
  "stop_reason": "M1 gate reached; do not proceed to M2 until this report is reviewed.",
  "synthetic_null": {
    "alarm_time_nll": 0.4046259030541335,
    "baseline_nll": 0.37415982451026997,
    "event_patients": 12,
    "gated_baseline_name": "logistic_nuisance",
    "gated_baseline_nll": 0.37415982451026997,
    "gbm_full": {
      "nll": 0.39286895128514154,
      "rfs_bits": -0.026991564417470148,
      "rfs_ci_high": -0.011267377847581818,
      "rfs_ci_low": -0.04403606240269794
    },
    "logistic_full": {
      "nll": 0.3736523071244191,
      "rfs_bits": 0.0007321928157319723,
      "rfs_ci_high": 0.0034745306706583648,
      "rfs_ci_low": -0.0020002585023454625
    },
    "moving_average_nll": 0.5442299537498262,
    "n": 1440,
    "nuisance_probes": {
      "patient": {
        "accuracy": 0.0875,
        "chance": 0.08333333333333333
      },
      "session": {
        "accuracy": 0.48125,
        "chance": 0.5
      },
      "site": {
        "accuracy": 0.5375,
        "chance": 0.5
      },
      "time_bucket": {
        "accuracy": 0.31875,
        "chance": 0.25
      }
    },
    "positive_events": 186,
    "random_warning_nll": 0.3847994983433037,
    "shuffled_target_control": {
      "nll": 0.3759466526845562,
      "rfs_bits": -0.002577848145963402,
      "rfs_ci_high": 0.0006828913692371351,
      "rfs_ci_low": -0.005575048067718567
    },
    "survival_label_shape": [
      1440,
      3
    ],
    "time_shift_control": {
      "nll": 0.37585681091011597,
      "rfs_bits": -0.0024482338635138413,
      "rfs_ci_high": -0.001249266445411072,
      "rfs_ci_low": -0.0037935736891013456
    }
  }
}
